<?xml version="1.0" encoding="UTF-8"?>
<metadata xml:lang="pt"><Esri><CreaDate>20170330</CreaDate><CreaTime>10302700</CreaTime><ArcGISFormat>1.0</ArcGISFormat><SyncOnce>TRUE</SyncOnce><DataProperties><itemProps><itemLocation><linkage Sync="TRUE">file://\\Server\trabalhos\01 - PROJETOS\02 - REC HIDRI\163 - PDR CORDEIRÓPOLIS\Geoprocessamento\Shape\Represas</linkage><protocol Sync="TRUE">Local Area Network</protocol></itemLocation></itemProps><copyHistory><copy source="\\Server\trabalhos\11 - PROJETOS EM NEGOCIAÇÃO\169 - BACIA DO RIB TATU_CORD\Geoprocessamento-Rib do Tatu_barro preto\Shape\Represas" dest="\\Server\trabalhos\01 - PROJETOS\02 - REC HIDRI\163 - PDR CORDEIRÓPOLIS\Geoprocessamento\Shape\Represas" date="20150116" time="16090300"></copy></copyHistory></DataProperties></Esri></metadata>
