<?xml version="1.0" encoding="UTF-8"?>
<metadata xml:lang="pt"><Esri><CreaDate>20150309</CreaDate><CreaTime>15123800</CreaTime><ArcGISFormat>1.0</ArcGISFormat><SyncOnce>TRUE</SyncOnce><DataProperties><lineage><Process ToolSource="c:\program files (x86)\arcgis\desktop10.1\ArcToolbox\Toolboxes\Spatial Analyst Tools.tbx\ExtractByMask" Date="20150309" Time="151238">ExtractByMask Declividade_reclass.tif "\\Server\trabalhos\01 - PROJETOS\02 - REC HIDRI\163 - PDR CORDEIRÓPOLIS\Geoprocessamento\Shape\Nascente 47\Area_drenagem.shp" "\\Server\trabalhos\01 - PROJETOS\02 - REC HIDRI\163 - PDR CORDEIRÓPOLIS\Geoprocessamento\Shape\Nascente 47\Declividade_drenagem.tif"</Process></lineage></DataProperties></Esri></metadata>
