<?xml version="1.0" encoding="UTF-8"?>
<metadata xml:lang="pt"><Esri><CreaDate>20150309</CreaDate><CreaTime>08334200</CreaTime><ArcGISFormat>1.0</ArcGISFormat><SyncOnce>TRUE</SyncOnce><DataProperties><lineage><Process ToolSource="c:\program files (x86)\arcgis\desktop10.1\ArcToolbox\Toolboxes\Spatial Analyst Tools.tbx\ExtractByMask" Date="20150309" Time="083342">ExtractByMask Declividade_reclass.tif "\\Server\trabalhos\01 - PROJETOS\02 - REC HIDRI\163 - PDR CORDEIRÓPOLIS\Geoprocessamento\Shape\Nascente 4\APP.shp" "\\Server\trabalhos\01 - PROJETOS\02 - REC HIDRI\163 - PDR CORDEIRÓPOLIS\Geoprocessamento\Shape\Nascente 4\Declividade_APP.tif"</Process></lineage></DataProperties></Esri></metadata>
